Title,Category,Rating,Year,Length,Type,Age,Genre,URL
Darkwing Duck,['producer'],,,,TV Series,,"['Animation', 'Action']",https://www.imdb.com/title/tt13457990/?ref_=nm_flmg_prd_1
Console Wars,"['producer', 'producer', 'writer', 'director']",,,,TV Mini Series,,"['Comedy', 'Drama']",https://www.imdb.com/title/tt3561990/?ref_=nm_flmg_prd_2
The Something,['producer'],,,,Movie,,"['Animation', 'Comedy']",https://www.imdb.com/title/tt1634076/?ref_=nm_flmg_prd_3
UNprofessionals,['producer'],,,,TV Series,,['Comedy'],https://www.imdb.com/title/tt10873856/?ref_=nm_flmg_prd_4
Untitled '90s Project,['producer'],,,,TV Movie,,[],https://www.imdb.com/title/tt6710786/?ref_=nm_flmg_prd_5
Untitled Seth Rogen/Evan Goldberg/NBC Project,['producer'],,,,TV Movie,,[],https://www.imdb.com/title/tt7462416/?ref_=nm_flmg_prd_6
Gen V,['producer'],,,,TV Series,,"['Action', 'Adventure', 'Comedy']",https://www.imdb.com/title/tt13159924/?ref_=nm_flmg_prd_7
Miller's Girl,['producer'],,,,Movie,,['Comedy'],https://www.imdb.com/title/tt8310486/?ref_=nm_flmg_prd_8
Untitled Jason Woliner Project,['producer'],,,,TV Series,,[],https://www.imdb.com/title/tt20216544/?ref_=nm_flmg_prd_9
Teenage Mutant Ninja Turtles: Mutant Mayhem,"['producer', 'actor']",,2023,,Movie,,"['Animation', 'Action']",https://www.imdb.com/title/tt8589698/?ref_=nm_flmg_prd_10
Cobweb,['producer'],,,,Movie,,"['Horror', 'Thriller']",https://www.imdb.com/title/tt9100018/?ref_=nm_flmg_prd_11
Untitled Adele Lim/Lionsgate Comedy Project,['producer'],,,,Movie,,['Comedy'],https://www.imdb.com/title/tt15268244/?ref_=nm_flmg_prd_12
Invincible,"['producer', 'actor']",8.7/10,2021–,50m,TV Series,TV-MA,"['Animation', 'Action', 'Adventure']",https://www.imdb.com/title/tt6741278/?ref_=nm_flmg_prd_13
Platonic,"['producer', 'actor']",,2022–,,TV Series,,"['Comedy', 'Romance']",https://www.imdb.com/title/tt13366604/?ref_=nm_flmg_prd_14
The Boys,"['producer', 'actor']",8.7/10,2019–,1h,TV Series,TV-MA,"['Action', 'Comedy']",https://www.imdb.com/title/tt1190634/?ref_=nm_flmg_prd_15
Pam & Tommy,"['producer', 'actor', 'soundtrack']",7.3/10,2022,5h 40m,TV Mini Series,TV-MA,"['Biography', 'Drama']",https://www.imdb.com/title/tt13659418/?ref_=nm_flmg_prd_16
The Boys Presents: Diabolical,"['producer', 'actor', 'writer']",6.9/10,2022–,14m,TV Series,TV-MA,"['Animation', 'Short']",https://www.imdb.com/title/tt16350094/?ref_=nm_flmg_prd_17
Santa Inc.,"['producer', 'actor']",1.5/10,2021,30m,TV Series,TV-MA,['Animation'],https://www.imdb.com/title/tt12286260/?ref_=nm_flmg_prd_18
Black Monday,"['producer', 'director']",7.4/10,2019–2021,30m,TV Series,TV-MA,[],https://www.imdb.com/title/tt7406334/?ref_=nm_flmg_prd_19
An American Pickle,"['producer', 'actor']",5.7/10,2020,1h 28m,Movie,PG-13,['Comedy'],https://www.imdb.com/title/tt9059704/?ref_=nm_flmg_prd_21
Preacher,"['producer', 'writer', 'director']",7.9/10,2016–2019,1h,TV Series,TV-MA,"['Adventure', 'Drama']",https://www.imdb.com/title/tt5016504/?ref_=nm_flmg_prd_22
Good Boys,['producer'],6.7/10,2019,1h 30m,Movie,R,"['Adventure', 'Comedy']",https://www.imdb.com/title/tt6977338/?ref_=nm_flmg_prd_23
Long Shot,"['producer', 'actor']",6.8/10,2019,2h 5m,Movie,R,['Comedy'],https://www.imdb.com/title/tt2139881/?ref_=nm_flmg_prd_24
Future Man,"['producer', 'actor', 'director']",7.7/10,2017–2020,30m,TV Series,TV-MA,"['Action', 'Adventure', 'Comedy']",https://www.imdb.com/title/tt4975856/?ref_=nm_flmg_prd_25
25,['producer'],2.9/10,2018,,TV Movie,,[],https://www.imdb.com/title/tt8004684/?ref_=nm_flmg_prd_26
Making Friends,['producer'],2.2/10,2018,,TV Movie,,[],https://www.imdb.com/title/tt7354736/?ref_=nm_flmg_prd_27
Singularity,"['producer', 'director']",4.3/10,2018,,TV Movie,,"['Comedy', 'Sci-Fi']",https://www.imdb.com/title/tt5969004/?ref_=nm_flmg_prd_28
Seth Rogen's Hilarity for Charity,"['producer', 'writer', 'soundtrack', 'self', 'self']",5.0/10,2018,1h 10m,TV Special,TV-MA,['Comedy'],https://www.imdb.com/title/tt8178116/?ref_=nm_flmg_prd_29
"Game Over, Man!",['producer'],5.4/10,2018,1h 41m,Movie,TV-MA,"['Action', 'Comedy']",https://www.imdb.com/title/tt3317234/?ref_=nm_flmg_prd_30
Blockers,['producer'],6.2/10,2018,1h 42m,Movie,R,[],https://www.imdb.com/title/tt2531344/?ref_=nm_flmg_prd_31
The Disaster Artist,"['producer', 'actor']",7.3/10,2017,1h 44m,Movie,R,"['Biography', 'Comedy', 'Drama']",https://www.imdb.com/title/tt3521126/?ref_=nm_flmg_prd_32
Neighbors 2: Sorority Rising,"['producer', 'actor', 'writer']",5.7/10,2016,1h 32m,Movie,R,[],https://www.imdb.com/title/tt4438848/?ref_=nm_flmg_prd_33
Sausage Party,"['producer', 'actor', 'writer', 'soundtrack']",6.1/10,2016,1h 29m,Movie,R,"['Animation', 'Adventure']",https://www.imdb.com/title/tt1700841/?ref_=nm_flmg_prd_34
The Night Before,"['producer', 'actor']",6.3/10,2015,1h 41m,Movie,R,['Comedy'],https://www.imdb.com/title/tt3530002/?ref_=nm_flmg_prd_35
The Interview,"['producer', 'actor', 'writer', 'director']",6.5/10,2014,1h 52m,Movie,R,"['Action', 'Adventure']",https://www.imdb.com/title/tt2788710/?ref_=nm_flmg_prd_36
Neighbors,"['producer', 'actor']",6.3/10,2014,1h 37m,Movie,R,['Comedy'],https://www.imdb.com/title/tt2004420/?ref_=nm_flmg_prd_37
This Is the End,"['producer', 'actor', 'writer', 'director', 'art department']",6.6/10,2013,1h 47m,Movie,R,['Comedy'],https://www.imdb.com/title/tt1245492/?ref_=nm_flmg_prd_38
The Guilt Trip,"['producer', 'actor']",5.8/10,2012,1h 35m,Movie,PG-13,['Comedy'],https://www.imdb.com/title/tt1694020/?ref_=nm_flmg_prd_39
50/50,"['producer', 'actor']",7.6/10,2011,1h 40m,Movie,R,"['Comedy', 'Drama']",https://www.imdb.com/title/tt1306980/?ref_=nm_flmg_prd_40
The Green Hornet,"['producer', 'actor', 'writer']",5.8/10,2011,1h 59m,Movie,PG-13,"['Action', 'Comedy']",https://www.imdb.com/title/tt0990407/?ref_=nm_flmg_prd_41
Funny People,"['producer', 'actor']",6.3/10,2009,2h 26m,Movie,R,"['Comedy', 'Drama']",https://www.imdb.com/title/tt1201167/?ref_=nm_flmg_prd_42
Pineapple Express,"['producer', 'actor', 'writer']",6.9/10,2008,1h 51m,Movie,R,"['Action', 'Comedy', 'Crime']",https://www.imdb.com/title/tt0910936/?ref_=nm_flmg_prd_43
Superbad,"['producer', 'actor', 'writer']",7.6/10,2007,1h 53m,Movie,R,[],https://www.imdb.com/title/tt0829482/?ref_=nm_flmg_prd_44
Knocked Up,"['producer', 'actor']",6.9/10,2007,2h 9m,Movie,R,['Comedy'],https://www.imdb.com/title/tt0478311/?ref_=nm_flmg_prd_45
The 40-Year-Old Virgin,"['producer', 'actor']",7.1/10,2005,1h 56m,Movie,R,"['Comedy', 'Romance']",https://www.imdb.com/title/tt0405422/?ref_=nm_flmg_prd_46
Being Mortal,['actor'],,2023,,Movie,,['Comedy'],https://www.imdb.com/title/tt18303004/?ref_=nm_flmg_act_1
¡Holy Holidays!,['actor'],,,,Movie,,['Comedy'],https://www.imdb.com/title/tt16982318/?ref_=nm_flmg_act_2
Chippendales,['actor'],,,,Movie,,['Biography'],https://www.imdb.com/title/tt3171172/?ref_=nm_flmg_act_3
Mufasa: The Lion King,['actor'],,2024,,Movie,,"['Animation', 'Adventure']",https://www.imdb.com/title/tt13186482/?ref_=nm_flmg_act_4
Kung Fu Panda 4,['actor'],,2024,,Movie,,"['Animation', 'Action', 'Adventure']",https://www.imdb.com/title/tt21692408/?ref_=nm_flmg_act_5
Dumb Money,['actor'],,,,Movie,,"['Biography', 'Comedy', 'Drama']",https://www.imdb.com/title/tt13957560/?ref_=nm_flmg_act_6
Untitled Super Mario Project,['actor'],,2023,,Movie,,"['Animation', 'Adventure']",https://www.imdb.com/title/tt6718170/?ref_=nm_flmg_act_8
Teller Number Four,['actor'],,2022,,Movie,,"['Short', 'Action']",https://www.imdb.com/title/tt18069330/?ref_=nm_flmg_act_11
The Fabelmans,['actor'],8.4/10,2022,2h 31m,Movie,PG-13,['Drama'],https://www.imdb.com/title/tt14208870/?ref_=nm_flmg_act_12
Chip 'n Dale: Rescue Rangers,['actor'],7.0/10,2022,1h 37m,Movie,PG,"['Animation', 'Adventure']",https://www.imdb.com/title/tt3513500/?ref_=nm_flmg_act_14
Curb Your Enthusiasm,['actor'],8.8/10,2000–,28m,TV Series,TV-MA,[],https://www.imdb.com/title/tt0264235/?ref_=nm_flmg_act_18
Chicago Party Aunt,['actor'],5.4/10,2021–,30m,TV Series,TV-MA,"['Animation', 'Comedy']",https://www.imdb.com/title/tt15125616/?ref_=nm_flmg_act_19
The Late Show with Stephen Colbert,"['actor', 'self']",7.1/10,2015–,41m,TV Series,TV-PG,['Comedy'],https://www.imdb.com/title/tt3697842/?ref_=nm_flmg_act_20
Big Mouth,['actor'],7.9/10,2017–,30m,TV Series,TV-MA,"['Animation', 'Comedy', 'Romance']",https://www.imdb.com/title/tt6524350/?ref_=nm_flmg_act_21
Muppets Now,['actor'],5.9/10,2020,23m,TV Series,TV-PG,"['Comedy', 'Family']",https://www.imdb.com/title/tt10857210/?ref_=nm_flmg_act_22
Dead Eyes,"['actor', 'self']",8.4/10,2020–,,Podcast Series,,[],https://www.imdb.com/title/tt15343358/?ref_=nm_flmg_act_24
Home Movie: The Princess Bride,['actor'],7.7/10,2020–,,TV Mini Series,TV-14,"['Short', 'Comedy', 'Fantasy']",https://www.imdb.com/title/tt12597800/?ref_=nm_flmg_act_25
Zeroville,['actor'],4.5/10,2019,1h 36m,Movie,R,"['Comedy', 'Drama', 'Mystery']",https://www.imdb.com/title/tt1881109/?ref_=nm_flmg_act_27
The Lion King,"['actor', 'soundtrack']",6.8/10,2019,1h 58m,Movie,PG,"['Animation', 'Adventure']",https://www.imdb.com/title/tt6105098/?ref_=nm_flmg_act_28
The Twilight Zone,['actor'],5.9/10,2019–2020,1h,TV Series,TV-MA,"['Drama', 'Fantasy']",https://www.imdb.com/title/tt2583620/?ref_=nm_flmg_act_29
Drunk History,['actor'],7.8/10,2013–2019,22m,TV Series,TV-14,['Comedy'],https://www.imdb.com/title/tt2712612/?ref_=nm_flmg_act_31
Like Father,"['actor', 'soundtrack']",6.1/10,2018,1h 38m,Movie,TV-MA,['Comedy'],https://www.imdb.com/title/tt7170950/?ref_=nm_flmg_act_32
The Joel McHale Show with Joel McHale,['actor'],7.1/10,2018,30m,TV Series,TV-MA,['Comedy'],https://www.imdb.com/title/tt7895706/?ref_=nm_flmg_act_33
Netflix Acquires Seth Rogen,['actor'],4.9/10,2018,6m,Movie,TV-MA,['Short'],https://www.imdb.com/title/tt8222716/?ref_=nm_flmg_act_34
Arizona,['actor'],5.8/10,2018,1h 25m,Movie,TV-MA,['Comedy'],https://www.imdb.com/title/tt2140629/?ref_=nm_flmg_act_35
Dumpster Diving,"['actor', 'director']",3.9/10,2017,11m,Video,,"['Short', 'Comedy']",https://www.imdb.com/title/tt7603700/?ref_=nm_flmg_act_37
Friends from College,['actor'],6.9/10,2017–2019,30m,TV Series,TV-MA,"['Comedy', 'Drama']",https://www.imdb.com/title/tt5565334/?ref_=nm_flmg_act_38
Dr. Ken,['actor'],5.6/10,2015–2017,21m,TV Series,TV-PG,[],https://www.imdb.com/title/tt3216608/?ref_=nm_flmg_act_39
Neighbors 3: Zombies Rising,['actor'],6.1/10,2016,2m,Movie,Not Rated,"['Short', 'Comedy']",https://www.imdb.com/title/tt5759314/?ref_=nm_flmg_act_40
Kung Fu Panda 3,['actor'],7.1/10,2016,1h 35m,Movie,PG,"['Animation', 'Action', 'Adventure']",https://www.imdb.com/title/tt2267968/?ref_=nm_flmg_act_43
Kung Fu Panda: Secrets of the Scroll,['actor'],7.0/10,2016,23m,Movie,TV-Y7,"['Animation', 'Short', 'Action']",https://www.imdb.com/title/tt5513770/?ref_=nm_flmg_act_44
The League,"['actor', 'writer']",8.3/10,2009–2015,22m,TV Series,TV-MA,['Comedy'],https://www.imdb.com/title/tt1480684/?ref_=nm_flmg_act_46
Last Week Tonight with John Oliver,['actor'],8.9/10,2014–,30m,TV Series,TV-MA,"['Comedy', 'History', 'News']",https://www.imdb.com/title/tt3530232/?ref_=nm_flmg_act_47
Steve Jobs,['actor'],7.2/10,2015,2h 2m,Movie,R,"['Biography', 'Drama']",https://www.imdb.com/title/tt2080374/?ref_=nm_flmg_act_48
Kroll Show,['actor'],6.9/10,2013–2015,30m,TV Series,TV-14,['Comedy'],https://www.imdb.com/title/tt1981538/?ref_=nm_flmg_act_49
Broad City,['actor'],8.4/10,2014–2019,22m,TV Series,TV-14,[],https://www.imdb.com/title/tt2578560/?ref_=nm_flmg_act_50
Saturday Night Live,"['actor', 'soundtrack', 'self']",8.0/10,1975–,1h 30m,TV Series,TV-14,"['Comedy', 'Music']",https://www.imdb.com/title/tt0072562/?ref_=nm_flmg_act_52
The Comeback,['actor'],8.0/10,2005–2014,30m,TV Series,TV-MA,['Comedy'],https://www.imdb.com/title/tt0434672/?ref_=nm_flmg_act_53
Seth Rogen's Jewish-Canadian-American Thanksgiving,"['actor', 'writer']",2.0/10,2014,,Movie,,"['Short', 'Comedy']",https://www.imdb.com/title/tt6068342/?ref_=nm_flmg_act_54
"Cops, Cum, Dicks, and Flying",['actor'],4.1/10,2014,8m,Movie,Not Rated,"['Short', 'Comedy']",https://www.imdb.com/title/tt4209824/?ref_=nm_flmg_act_55
Rubberhead,['actor'],3.9/10,2014,47m,TV Movie,,[],https://www.imdb.com/title/tt4215666/?ref_=nm_flmg_act_56
The Sound and the Fury,['actor'],4.9/10,2014,1h 41m,Movie,TV-MA,[],https://www.imdb.com/title/tt3026144/?ref_=nm_flmg_act_57
Dave Skylark's Very Special VMA Special,['actor'],7.7/10,2014,20m,TV Short,,['Short'],https://www.imdb.com/title/tt4057490/?ref_=nm_flmg_act_58
22 Jump Street,['actor'],7.0/10,2014,1h 52m,Movie,R,"['Action', 'Comedy']",https://www.imdb.com/title/tt2294449/?ref_=nm_flmg_act_59
Jimmy Kimmel Live!,"['actor', 'self', 'archive footage']",6.5/10,2003–,1h,TV Series,TV-14,"['Comedy', 'Music', 'Talk-Show']",https://www.imdb.com/title/tt0320037/?ref_=nm_flmg_act_61
The Simpsons,"['actor', 'writer']",8.7/10,1989–,22m,TV Series,TV-14,"['Animation', 'Comedy']",https://www.imdb.com/title/tt0096697/?ref_=nm_flmg_act_62
James Franco & Seth Rogen: Bound 3,['actor'],7.7/10,2013,4m,Music Video,,"['Short', 'Comedy']",https://www.imdb.com/title/tt8219532/?ref_=nm_flmg_act_63
The Real World: This Is the End Edition,['actor'],6.1/10,2013,6m,TV Short,,"['Short', 'Comedy']",https://www.imdb.com/title/tt4434588/?ref_=nm_flmg_act_64
Arrested Development,['actor'],8.7/10,2003–2019,22m,TV Series,TV-14,['Comedy'],https://www.imdb.com/title/tt0367279/?ref_=nm_flmg_act_66
Burning Love,['actor'],7.9/10,2012–2013,23m,TV Series,TV-14,['Comedy'],https://www.imdb.com/title/tt2292621/?ref_=nm_flmg_act_67
Seth Rogen = Worst Person in the World,['actor'],6.1/10,2013,4m,Video,TV-MA,"['Short', 'Comedy']",https://www.imdb.com/title/tt2836520/?ref_=nm_flmg_act_68
The Mindy Project,['actor'],7.5/10,2012–2017,30m,TV Series,TV-14,['Comedy'],https://www.imdb.com/title/tt2211129/?ref_=nm_flmg_act_69
Shrek's Thrilling Tales,['actor'],6.3/10,2012,1h 13m,Video,TV-PG,"['Animation', 'Short', 'Comedy']",https://www.imdb.com/title/tt2486724/?ref_=nm_flmg_act_71
First Look: Ultimate Teaser Trailer,['actor'],6.5/10,2012,2m,Video,,"['Short', 'Comedy']",https://www.imdb.com/title/tt2188892/?ref_=nm_flmg_act_72
Eastbound & Down,['actor'],8.2/10,2009–2013,28m,TV Series,TV-MA,"['Comedy', 'Drama', 'Sport']",https://www.imdb.com/title/tt0866442/?ref_=nm_flmg_act_73
"For a Good Time, Call...",['actor'],6.0/10,2012,1h 25m,Movie,R,['Comedy'],https://www.imdb.com/title/tt1996264/?ref_=nm_flmg_act_74
Kung Fu Panda: Secrets of the Masters,['actor'],6.8/10,2011,23m,Video,TV-PG,"['Animation', 'Short']",https://www.imdb.com/title/tt1980162/?ref_=nm_flmg_act_75
Night of the Living Carrots,['actor'],6.2/10,2011,13m,Video,TV-PG,"['Animation', 'Short']",https://www.imdb.com/title/tt2090578/?ref_=nm_flmg_act_76
Take This Waltz,['actor'],6.5/10,2011,1h 56m,Movie,R,['Comedy'],https://www.imdb.com/title/tt1592281/?ref_=nm_flmg_act_78
Kung Fu Panda 2,['actor'],7.2/10,2011,1h 30m,Movie,PG,"['Animation', 'Action']",https://www.imdb.com/title/tt1302011/?ref_=nm_flmg_act_79
Beastie Boys: Make Some Noise,['actor'],8.6/10,2011,5m,Music Video,,"['Short', 'Comedy', 'Music']",https://www.imdb.com/title/tt6715232/?ref_=nm_flmg_act_80
Paul,['actor'],6.9/10,2011,1h 44m,Movie,R,"['Adventure', 'Comedy']",https://www.imdb.com/title/tt1092026/?ref_=nm_flmg_act_81
Beastie Boys: Fight for Your Right Revisited,['actor'],7.9/10,2011,30m,Movie,Not Rated,"['Short', 'Comedy', 'Music']",https://www.imdb.com/title/tt1791504/?ref_=nm_flmg_act_82
Kung Fu Panda Holiday,['actor'],6.7/10,2010,21m,TV Short,TV-Y7,"['Animation', 'Short']",https://www.imdb.com/title/tt1702433/?ref_=nm_flmg_act_84
The Lonely Island: Like a Boss,['actor'],7.8/10,2009,2m,Music Video,,"['Short', 'Comedy', 'Music']",https://www.imdb.com/title/tt6852222/?ref_=nm_flmg_act_85
Monsters vs Aliens: Mutant Pumpkins from Outer Space,['actor'],6.3/10,2009,26m,TV Short,TV-PG,"['Animation', 'Short', 'Action']",https://www.imdb.com/title/tt1482967/?ref_=nm_flmg_act_86
B.O.B.'s Big Break,['actor'],6.2/10,2009,13m,Video,TV-PG,"['Animation', 'Short']",https://www.imdb.com/title/tt1542599/?ref_=nm_flmg_act_87
Monsters vs. Aliens,"['actor', 'actor']",6.4/10,2009,,Video Game,E10+,"['Action', 'Adventure']",https://www.imdb.com/title/tt1309563/?ref_=nm_flmg_act_89
Family Guy,['actor'],8.2/10,1999–,22m,TV Series,TV-MA,['Animation'],https://www.imdb.com/title/tt0182576/?ref_=nm_flmg_act_90
Observe and Report,['actor'],5.7/10,2009,1h 26m,Movie,R,"['Comedy', 'Crime', 'Drama']",https://www.imdb.com/title/tt1197628/?ref_=nm_flmg_act_91
Fanboys,['actor'],6.5/10,2009,1h 30m,Movie,PG-13,"['Adventure', 'Comedy']",https://www.imdb.com/title/tt0489049/?ref_=nm_flmg_act_93
Zack and Miri Make a Porno,['actor'],6.5/10,2008,1h 41m,Movie,R,"['Comedy', 'Romance']",https://www.imdb.com/title/tt1007028/?ref_=nm_flmg_act_94
Step Brothers,['actor'],6.9/10,2008,1h 38m,Movie,R,[],https://www.imdb.com/title/tt0838283/?ref_=nm_flmg_act_96
Kung Fu Panda,['actor'],7.6/10,2008,1h 32m,Movie,PG,"['Animation', 'Action', 'Adventure']",https://www.imdb.com/title/tt0441773/?ref_=nm_flmg_act_97
Horton Hears a Who!,"['actor', 'soundtrack']",6.8/10,2008,1h 26m,Movie,G,"['Animation', 'Adventure', 'Comedy']",https://www.imdb.com/title/tt0451079/?ref_=nm_flmg_act_98
The Spiderwick Chronicles,['actor'],6.5/10,2008,1h 36m,Movie,PG,"['Action', 'Adventure']",https://www.imdb.com/title/tt0416236/?ref_=nm_flmg_act_99
Jay and Seth Versus the Apocalypse,"['actor', 'writer']",5.4/10,2007,10m,Movie,TV-MA,['Short'],https://www.imdb.com/title/tt1568843/?ref_=nm_flmg_act_101
Shrek the Third,['actor'],6.1/10,2007,1h 33m,Movie,PG,"['Animation', 'Adventure', 'Comedy']",https://www.imdb.com/title/tt0413267/?ref_=nm_flmg_act_102
Help Me Help You,['actor'],6.3/10,2006–2007,30m,TV Series,,"['Comedy', 'Romance']",https://www.imdb.com/title/tt0802146/?ref_=nm_flmg_act_104
American Dad!,['actor'],7.4/10,2005–,22m,TV Series,TV-MA,"['Animation', 'Comedy']",https://www.imdb.com/title/tt0397306/?ref_=nm_flmg_act_105
"You, Me and Dupree",['actor'],5.6/10,2006,1h 50m,Movie,PG-13,['Comedy'],https://www.imdb.com/title/tt0463034/?ref_=nm_flmg_act_106
Early Bird,['actor'],3.3/10,2005,30m,TV Movie,,['Comedy'],https://www.imdb.com/title/tt0809509/?ref_=nm_flmg_act_107
"Wake Up, Ron Burgundy",['actor'],6.0/10,2004,1h 33m,Video,Not Rated,['Comedy'],https://www.imdb.com/title/tt0423505/?ref_=nm_flmg_act_109
Anchorman: The Legend of Ron Burgundy,['actor'],7.1/10,2004,1h 34m,Movie,PG-13,[],https://www.imdb.com/title/tt0357413/?ref_=nm_flmg_act_110
Undeclared,"['actor', 'writer', 'additional crew']",7.9/10,2001–2003,22m,TV Series,TV-14,[],https://www.imdb.com/title/tt0273028/?ref_=nm_flmg_act_111
Dawson's Creek,['actor'],6.8/10,1998–2003,1h,TV Series,TV-14,['Drama'],https://www.imdb.com/title/tt0118300/?ref_=nm_flmg_act_112
Donnie Darko,['actor'],8.0/10,2001,1h 53m,Movie,R,"['Drama', 'Mystery', 'Sci-Fi']",https://www.imdb.com/title/tt0246578/?ref_=nm_flmg_act_113
Freaks and Geeks,"['actor', 'soundtrack']",8.8/10,1999–2000,44m,TV Series,TV-14,['Comedy'],https://www.imdb.com/title/tt0193676/?ref_=nm_flmg_act_114
The Christian Show,"['writer', 'director']",4.8/10,2016–,20m,TV Series,,[],https://www.imdb.com/title/tt6808122/?ref_=nm_flmg_wr_5
Seven Bucks Digital Studios,"['writer', 'self']",3.0/10,2016–,11m,TV Series,,['Short'],https://www.imdb.com/title/tt6744198/?ref_=nm_flmg_wr_6
2015 MTV Video Music Awards,['writer'],4.4/10,2015,,TV Special,TV-14,['Music'],https://www.imdb.com/title/tt4986182/?ref_=nm_flmg_wr_9
Making a Scene,['writer'],5.8/10,2013,10m,Movie,,"['Short', 'Drama']",https://www.imdb.com/title/tt3914298/?ref_=nm_flmg_wr_13
Comedy Central Roasts,"['writer', 'self']",7.3/10,2003–,,TV Series,,[],https://www.imdb.com/title/tt15561558/?ref_=nm_flmg_wr_14
The Watch,['writer'],5.7/10,2012,1h 42m,Movie,R,"['Comedy', 'Sci-Fi']",https://www.imdb.com/title/tt1298649/?ref_=nm_flmg_wr_16
The 2012 Film Independent Spirit Awards,"['writer', 'self']",5.6/10,2012,,TV Special,,['News'],https://www.imdb.com/title/tt2302855/?ref_=nm_flmg_wr_17
Drillbit Taylor,['writer'],5.7/10,2008,1h 50m,Movie,PG-13,"['Action', 'Comedy', 'Crime']",https://www.imdb.com/title/tt0817538/?ref_=nm_flmg_wr_21
Da Ali G Show,['writer'],8.0/10,2000–2004,30m,TV Series,TV-MA,"['Comedy', 'Talk-Show']",https://www.imdb.com/title/tt0241088/?ref_=nm_flmg_wr_24
Black Is King,['soundtrack'],5.7/10,2020,1h 25m,Movie,TV-14,"['Adventure', 'Drama', 'Fantasy']",https://www.imdb.com/title/tt12607910/?ref_=nm_flmg_sdtk_2
The Disney Family Singalong Volume 2,"['soundtrack', 'self']",7.2/10,2020,,TV Special,TV-G,"['Family', 'Music']",https://www.imdb.com/title/tt12249388/?ref_=nm_flmg_sdtk_3
Good Morning Britain,['soundtrack'],3.1/10,2014–,2h 30m,TV Series,,"['News', 'Talk-Show']",https://www.imdb.com/title/tt3644198/?ref_=nm_flmg_sdtk_4
The Tonight Show Starring Jimmy Fallon,"['soundtrack', 'self']",7.1/10,2014–,1h,TV Series,TV-14,"['Comedy', 'Music', 'Talk-Show']",https://www.imdb.com/title/tt3444938/?ref_=nm_flmg_sdtk_8
The Receipt: Bananas Town,['director'],4.4/10,2017,1m,Movie,,"['Short', 'Comedy']",https://www.imdb.com/title/tt6893216/?ref_=nm_flmg_dr_8
Dolittle,['script and continuity department'],5.6/10,2020,1h 41m,Movie,PG,"['Adventure', 'Comedy']",https://www.imdb.com/title/tt6673612/?ref_=nm_flmg_scdp_1
Dog,['thanks'],6.5/10,2022,1h 41m,Movie,PG-13,['Comedy'],https://www.imdb.com/title/tt11252248/?ref_=nm_flmg_tk_1
The Oath,['thanks'],5.6/10,2018,1h 33m,Movie,R,['Comedy'],https://www.imdb.com/title/tt7461200/?ref_=nm_flmg_tk_2
The Brothers Grimsby,['thanks'],6.2/10,2016,1h 23m,Movie,R,"['Action', 'Adventure']",https://www.imdb.com/title/tt3381008/?ref_=nm_flmg_tk_3
Don Jon,['thanks'],6.5/10,2013,1h 30m,Movie,R,"['Comedy', 'Drama']",https://www.imdb.com/title/tt2229499/?ref_=nm_flmg_tk_4
The Dictator,['thanks'],6.4/10,2012,1h 23m,Movie,R,['Comedy'],https://www.imdb.com/title/tt1645170/?ref_=nm_flmg_tk_5
Brüno,['thanks'],5.9/10,2009,1h 21m,Movie,R,[],https://www.imdb.com/title/tt0889583/?ref_=nm_flmg_tk_6
Adventureland,['thanks'],6.8/10,2009,1h 47m,Movie,R,"['Comedy', 'Drama', 'Romance']",https://www.imdb.com/title/tt1091722/?ref_=nm_flmg_tk_7
2006 MTV Movie Awards,"['thanks', 'self']",5.2/10,2006,,TV Special,,[],https://www.imdb.com/title/tt0790596/?ref_=nm_flmg_tk_8
Searching for America: Part II,['self'],,2024,,Movie,,['Documentary'],https://www.imdb.com/title/tt18571950/?ref_=nm_flmg_slf_1
CBC News: Toronto,['self'],2.8/10,1952–,,TV Series,,[],https://www.imdb.com/title/tt4292678/?ref_=nm_flmg_slf_2
Architectural Digest,['self'],,2010–,,TV Series,,[],https://www.imdb.com/title/tt21157626/?ref_=nm_flmg_slf_3
Dish Nation,['self'],3.7/10,2011–,30m,TV Series,TV-PG,[],https://www.imdb.com/title/tt1973047/?ref_=nm_flmg_slf_4
Entertainment Tonight,"['self', 'archive footage']",3.5/10,1981–,30m,TV Series,,['News'],https://www.imdb.com/title/tt0081857/?ref_=nm_flmg_slf_5
Lay's Super Bowl Commercial,['self'],,2022,,TV Special,,[],https://www.imdb.com/title/tt17789502/?ref_=nm_flmg_slf_7
Hot Ones,['self'],8.4/10,2015–,,TV Series,TV-14,['Comedy'],https://www.imdb.com/title/tt6556992/?ref_=nm_flmg_slf_8
Adele: One Night Only,['self'],8.0/10,2021,1h 28m,TV Special,TV-14,"['Documentary', 'Biography', 'Music']",https://www.imdb.com/title/tt15711284/?ref_=nm_flmg_slf_10
Today,['self'],4.5/10,1952–,4h,TV Series,TV-G,"['News', 'Talk-Show']",https://www.imdb.com/title/tt0044298/?ref_=nm_flmg_slf_11
Storytime with Seth Rogen,['self'],,2021–,,Podcast Series,,['Talk-Show'],https://www.imdb.com/title/tt15791278/?ref_=nm_flmg_slf_12
The 73rd Primetime Emmy Awards,['self'],5.5/10,2021,2h 25m,TV Special,TV-14,[],https://www.imdb.com/title/tt14160048/?ref_=nm_flmg_slf_13
Conan,['self'],8.2/10,2010–2021,42m,TV Series,TV-14,"['Comedy', 'Music', 'Talk-Show']",https://www.imdb.com/title/tt1637574/?ref_=nm_flmg_slf_14
Hollywood Insider,['self'],8.1/10,2018–,,TV Series,,[],https://www.imdb.com/title/tt8638066/?ref_=nm_flmg_slf_16
2021 MTV Movie & TV Awards,['self'],4.5/10,2021,,TV Special,,[],https://www.imdb.com/title/tt14489294/?ref_=nm_flmg_slf_17
The Kelly Clarkson Show,['self'],5.9/10,2019–,1h,TV Series,TV-G,"['Music', 'Musical', 'Talk-Show']",https://www.imdb.com/title/tt9022950/?ref_=nm_flmg_slf_18
Good Morning America,['self'],4.4/10,1975–,2h,TV Series,TV-G,"['News', 'Talk-Show']",https://www.imdb.com/title/tt0072506/?ref_=nm_flmg_slf_19
Armchair Expert with Dax Shepard,['self'],8.8/10,2018–,,Podcast Series,,['Talk-Show'],https://www.imdb.com/title/tt11857594/?ref_=nm_flmg_slf_20
The Critics' Choice Super Awards,['self'],4.0/10,2021,1h 28m,TV Special,,['News'],https://www.imdb.com/title/tt13320628/?ref_=nm_flmg_slf_21
Celebrating Greatness: A Canada's Walk of Fame Special,['self'],,2020,1h,TV Special,,['Talk-Show'],https://www.imdb.com/title/tt13689388/?ref_=nm_flmg_slf_23
The Perfect Weapon,['self'],7.2/10,2020,1h 27m,Movie,TV-MA,[],https://www.imdb.com/title/tt11354168/?ref_=nm_flmg_slf_24
Prime Rewind: Inside the Boys,['self'],5.6/10,2020,30m,TV Series,TV-MA,[],https://www.imdb.com/title/tt12996012/?ref_=nm_flmg_slf_25
SmartLess,['self'],9.3/10,2020–,,Podcast Series,,['Talk-Show'],https://www.imdb.com/title/tt12825566/?ref_=nm_flmg_slf_26
Desus & Mero,['self'],7.6/10,2019–2022,,TV Series,TV-MA,"['Comedy', 'Talk-Show']",https://www.imdb.com/title/tt9362790/?ref_=nm_flmg_slf_27
The One Show,['self'],3.7/10,2006–,30m,TV Series,,[],https://www.imdb.com/title/tt0844203/?ref_=nm_flmg_slf_28
Late Night with Seth Meyers,['self'],6.2/10,2014–,1h,TV Series,TV-14,['Comedy'],https://www.imdb.com/title/tt3513388/?ref_=nm_flmg_slf_29
WTF with Marc Maron,['self'],8.0/10,2009–,,Podcast Series,,['Talk-Show'],https://www.imdb.com/title/tt12058860/?ref_=nm_flmg_slf_30
LA Originals,['self'],7.2/10,2020,1h 32m,Movie,,['Documentary'],https://www.imdb.com/title/tt12027020/?ref_=nm_flmg_slf_32
Crossing Over: Living in the Twilight Zone,['self'],,2020,1h 10m,Movie,,[],https://www.imdb.com/title/tt12880984/?ref_=nm_flmg_slf_33
The Price Is Right at Night,['self'],5.6/10,2019–,1h,TV Series,,[],https://www.imdb.com/title/tt13689618/?ref_=nm_flmg_slf_34
The Price Is Right at Night: A Holiday Extravaganza with Seth Rogen,['self'],,2019,,TV Special,TV-G,[],https://www.imdb.com/title/tt11358928/?ref_=nm_flmg_slf_35
"Breakfast, Lunch & Dinner",['self'],6.7/10,2019,43m,TV Series,,['Documentary'],https://www.imdb.com/title/tt10681670/?ref_=nm_flmg_slf_36
The Burger Show,['self'],7.5/10,2018–,,TV Series,,['Reality-TV'],https://www.imdb.com/title/tt9189114/?ref_=nm_flmg_slf_37
The Chef Show,['self'],8.2/10,2019–,30m,TV Series,TV-14,[],https://www.imdb.com/title/tt10359446/?ref_=nm_flmg_slf_38
Extra,"['self', 'archive footage']",3.2/10,1994–,30m,TV Series,TV-PG,['News'],https://www.imdb.com/title/tt0247094/?ref_=nm_flmg_slf_39
Celebrity Page,"['self', 'archive footage']",2.3/10,2013–,30m,TV Series,,['News'],https://www.imdb.com/title/tt3503424/?ref_=nm_flmg_slf_40
All's Fair in Love & Politics: Making Longshot,['self'],,2019,30m,Movie,,"['Documentary', 'Short']",https://www.imdb.com/title/tt13977560/?ref_=nm_flmg_slf_41
Seven Minutes in Heaven: Seth and Charlize Uncensored,['self'],,2019,7m,Movie,,['Documentary'],https://www.imdb.com/title/tt13977620/?ref_=nm_flmg_slf_42
The First Mister: A Portrait,['self'],,2019,8m,Movie,,['Documentary'],https://www.imdb.com/title/tt13977686/?ref_=nm_flmg_slf_43
BuzzFeed Celeb,['self'],3.5/10,2013–,,TV Series,,['Talk-Show'],https://www.imdb.com/title/tt9793886/?ref_=nm_flmg_slf_44
The Sara Cox Show,['self'],4.0/10,2019–,55m,TV Series,,[],https://www.imdb.com/title/tt10159074/?ref_=nm_flmg_slf_45
Comedians in Cars Getting Coffee,['self'],8.0/10,2012–,20m,TV Series,TV-14,"['Comedy', 'Family']",https://www.imdb.com/title/tt2314952/?ref_=nm_flmg_slf_46
Access Hollywood,"['self', 'archive footage']",3.1/10,1996–,30m,TV Series,TV-PG,[],https://www.imdb.com/title/tt0167515/?ref_=nm_flmg_slf_47
This Morning,['self'],4.6/10,1988–,2h,TV Series,,"['News', 'Talk-Show']",https://www.imdb.com/title/tt0181261/?ref_=nm_flmg_slf_48
The Lion King Live on Twitter,['self'],,2019,,TV Movie,,[],https://www.imdb.com/title/tt10665452/?ref_=nm_flmg_slf_49
WGN Morning News,['self'],6.6/10,1994–,,TV Series,,[],https://www.imdb.com/title/tt5139360/?ref_=nm_flmg_slf_50
Entertainment Tonight Canada,['self'],3.5/10,2005–,30m,TV Series,,"['Biography', 'Family', 'News']",https://www.imdb.com/title/tt0482346/?ref_=nm_flmg_slf_51
Live with Kelly and Ryan,['self'],4.5/10,1988–,1h,TV Series,TV-PG,['Talk-Show'],https://www.imdb.com/title/tt0096636/?ref_=nm_flmg_slf_52
Seth Rogen Breaks Down His Most Iconic Movies,['self'],,2019,,Video,,[],https://www.imdb.com/title/tt13741842/?ref_=nm_flmg_slf_53
Wu-Tang Clan: Of Mics and Men,['self'],8.1/10,2019,1h,TV Mini Series,TV-MA,"['Documentary', 'Biography']",https://www.imdb.com/title/tt9376934/?ref_=nm_flmg_slf_54
The Late Late Show with James Corden,['self'],5.8/10,2015–2022,1h,TV Series,TV-14,['Comedy'],https://www.imdb.com/title/tt4280606/?ref_=nm_flmg_slf_55
The Shop,['self'],6.7/10,2018–,30m,TV Series,TV-MA,['Talk-Show'],https://www.imdb.com/title/tt8755712/?ref_=nm_flmg_slf_56
Made in Hollywood,['self'],4.9/10,2005–,1h,TV Series,TV-PG,[],https://www.imdb.com/title/tt0911896/?ref_=nm_flmg_slf_57
The Graham Norton Show,"['self', 'archive footage']",8.4/10,2007–,1h,TV Series,TV-14,"['Comedy', 'Music']",https://www.imdb.com/title/tt0924651/?ref_=nm_flmg_slf_58
Touche pas à mon poste!,['self'],4.4/10,2010–,,TV Series,,['Talk-Show'],https://www.imdb.com/title/tt2878232/?ref_=nm_flmg_slf_59
Off Camera with Sam Jones,['self'],8.4/10,2014–,58m,TV Series,,['Talk-Show'],https://www.imdb.com/title/tt3473134/?ref_=nm_flmg_slf_60
The Ellen DeGeneres Show,['self'],6.7/10,2003–2022,1h,TV Series,TV-G,"['Comedy', 'Talk-Show']",https://www.imdb.com/title/tt0379623/?ref_=nm_flmg_slf_61
The Jim Jefferies Show,['self'],7.2/10,2017–2019,21m,TV Series,TV-14,"['Comedy', 'News', 'Talk-Show']",https://www.imdb.com/title/tt6987966/?ref_=nm_flmg_slf_62
Complex x Fuse,['self'],5.0/10,2017–2019,,TV Series,,"['News', 'Reality-TV', 'Talk-Show']",https://www.imdb.com/title/tt8607794/?ref_=nm_flmg_slf_63
2018 MTV Movie & TV Awards,['self'],4.5/10,2018,,TV Special,,[],https://www.imdb.com/title/tt8583588/?ref_=nm_flmg_slf_64
Drop the Mic,['self'],4.3/10,2017–,30m,TV Series,TV-14,['Music'],https://www.imdb.com/title/tt6396094/?ref_=nm_flmg_slf_65
An Emmy for Megan,['self'],7.2/10,2018–2019,,TV Series,,[],https://www.imdb.com/title/tt8341974/?ref_=nm_flmg_slf_66
Morning Joe,['self'],4.0/10,2007–,3h,TV Series,,"['News', 'Talk-Show']",https://www.imdb.com/title/tt1170244/?ref_=nm_flmg_slf_67
Cultureshock,['self'],7.1/10,2018–,1h,TV Series,TV-14,[],https://www.imdb.com/title/tt8702940/?ref_=nm_flmg_slf_68
Talking Dead,['self'],7.1/10,2011–,44m,TV Series,TV-14,['Talk-Show'],https://www.imdb.com/title/tt2089467/?ref_=nm_flmg_slf_69
Close Up with the Hollywood Reporter,['self'],7.0/10,2015–,1h,TV Series,TV-14,[],https://www.imdb.com/title/tt4931888/?ref_=nm_flmg_slf_71
75th Golden Globe Awards,['self'],5.5/10,2018,,TV Special,,"['Comedy', 'News']",https://www.imdb.com/title/tt6635044/?ref_=nm_flmg_slf_72
Tower of Song: A Memorial Tribute to Leonard Cohen,['self'],8.2/10,2018,,Movie,,['Documentary'],https://www.imdb.com/title/tt7586752/?ref_=nm_flmg_slf_73
"The Disaster Artist: Oh, Hi Mark: Making a Disaster",['self'],6.8/10,2017,12m,Video,,"['Documentary', 'Short']",https://www.imdb.com/title/tt8386984/?ref_=nm_flmg_slf_74
Snoop Dogg presents the Joker's Wild,['self'],3.8/10,2017–,30m,TV Series,,[],https://www.imdb.com/title/tt6902652/?ref_=nm_flmg_slf_76
IMDb at San Diego Comic-Con,['self'],6.9/10,2016–,3h 5m,TV Series,Not Rated,['Talk-Show'],https://www.imdb.com/title/tt5831312/?ref_=nm_flmg_slf_77
Nardwuar the Human Serviette,['self'],7.8/10,1987–,,TV Series,,[],https://www.imdb.com/title/tt11974504/?ref_=nm_flmg_slf_78
Young Hollywood,['self'],5.4/10,2007–,,TV Series,,"['Reality-TV', 'Talk-Show']",https://www.imdb.com/title/tt4034410/?ref_=nm_flmg_slf_79
"Watching, Waiting",['self'],4.4/10,2017,3m,Movie,,"['Documentary', 'Short']",https://www.imdb.com/title/tt6633012/?ref_=nm_flmg_slf_80
The Oscars,['self'],6.8/10,2017,3h 49m,TV Special,TV-14,[],https://www.imdb.com/title/tt5850440/?ref_=nm_flmg_slf_81
Billy on the Street,['self'],7.8/10,2011–,30m,TV Series,TV-14,"['Comedy', 'Game-Show']",https://www.imdb.com/title/tt2191991/?ref_=nm_flmg_slf_82
Sausage Party: Animated Improv,['self'],,2016,,Movie,,['Short'],https://www.imdb.com/title/tt7471832/?ref_=nm_flmg_slf_83
Sausage Party: Shock and Awe - How Did This Get Made?,['self'],,2016,,Movie,,['Short'],https://www.imdb.com/title/tt7471840/?ref_=nm_flmg_slf_84
Sausage Party: Good Food Gag Reel,['self'],,2016,,Movie,,['Short'],https://www.imdb.com/title/tt7471766/?ref_=nm_flmg_slf_85
Sausage Party: Line-O-Rama,['self'],,2016,,Movie,,"['Short', 'Action']",https://www.imdb.com/title/tt7471758/?ref_=nm_flmg_slf_86
Sausage Party: The Booth,['self'],,2016,,Movie,,"['Short', 'Action']",https://www.imdb.com/title/tt7471742/?ref_=nm_flmg_slf_87
Sausage Party: The Great Beyond,['self'],,2016,,Movie,,"['Short', 'Action']",https://www.imdb.com/title/tt7471748/?ref_=nm_flmg_slf_88
Sausage Party: The Pitch,['self'],,2016,,Movie,,['Short'],https://www.imdb.com/title/tt7471756/?ref_=nm_flmg_slf_89
Hilarity for Charity 2016,['self'],,2016,,TV Special,,[],https://www.imdb.com/title/tt6206064/?ref_=nm_flmg_slf_90
Watch What Happens Live with Andy Cohen,['self'],5.4/10,2009–,22m,TV Series,TV-14,['Talk-Show'],https://www.imdb.com/title/tt2057880/?ref_=nm_flmg_slf_92
Casey Neistat Vlog,['self'],9.2/10,2015–,,TV Series,,['Documentary'],https://www.imdb.com/title/tt4817038/?ref_=nm_flmg_slf_93
Talking Preacher,['self'],6.3/10,2016–2017,43m,TV Series,TV-14,[],https://www.imdb.com/title/tt5774078/?ref_=nm_flmg_slf_94
Jeff Ross Presents Roast Battle,['self'],7.2/10,2016–,1h,TV Series,TV-MA,['Comedy'],https://www.imdb.com/title/tt5905202/?ref_=nm_flmg_slf_95
Red Nose Day,['self'],6.8/10,2016,2h,TV Movie,Not Rated,['Comedy'],https://www.imdb.com/title/tt6021936/?ref_=nm_flmg_slf_96
Preacher: Sweded Trailer,['self'],,2016,,Video,,"['Short', 'Comedy']",https://www.imdb.com/title/tt8836012/?ref_=nm_flmg_slf_97
The Insider,['self'],2.6/10,2004–2017,30m,TV Series,TV-PG,['News'],https://www.imdb.com/title/tt0430836/?ref_=nm_flmg_slf_98
2016 MTV Movie Awards,['self'],5.3/10,2016,,TV Special,TV-14,['Comedy'],https://www.imdb.com/title/tt5556144/?ref_=nm_flmg_slf_99
2016 MTV Movie Awards Pre-Show,['self'],4.9/10,2016,30m,TV Special,,[],https://www.imdb.com/title/tt5642744/?ref_=nm_flmg_slf_100
LA Times: The Envelope,['self'],,2015–,,TV Series,,['Talk-Show'],https://www.imdb.com/title/tt7953398/?ref_=nm_flmg_slf_101
Variety Studio: Actors on Actors,['self'],7.0/10,2014–,,TV Series,,['Talk-Show'],https://www.imdb.com/title/tt4267324/?ref_=nm_flmg_slf_102
Film 2018,['self'],7.0/10,1971–2018,30m,TV Series,,['Talk-Show'],https://www.imdb.com/title/tt0192897/?ref_=nm_flmg_slf_103
SportsCenter,['self'],8.1/10,1979–,1h,TV Series,,"['News', 'Sport']",https://www.imdb.com/title/tt0136668/?ref_=nm_flmg_slf_104
Lip Sync Battle,['self'],7.2/10,2015–,30m,TV Series,TV-PG,['Music'],https://www.imdb.com/title/tt4335742/?ref_=nm_flmg_slf_105
Unscripted,['self'],5.9/10,2011–,,TV Series,,['Talk-Show'],https://www.imdb.com/title/tt3524446/?ref_=nm_flmg_slf_106
Seth Rogen's Awful Bar-Mitzvah,['self'],,2015,,Video,,[],https://www.imdb.com/title/tt5092964/?ref_=nm_flmg_slf_107
The Daily Show,['self'],8.3/10,1996–,22m,TV Series,TV-14,"['Comedy', 'News']",https://www.imdb.com/title/tt0115147/?ref_=nm_flmg_slf_108
F for Franco,['self'],4.1/10,2015,1h 18m,Movie,TV-14,['Documentary'],https://www.imdb.com/title/tt3319158/?ref_=nm_flmg_slf_109
Reelside,['self'],6.7/10,2015–,,TV Series,,[],https://www.imdb.com/title/tt3581092/?ref_=nm_flmg_slf_110
Being Canadian,['self'],6.3/10,2015,1h 30m,Movie,Not Rated,"['Documentary', 'Comedy']",https://www.imdb.com/title/tt1723659/?ref_=nm_flmg_slf_111
GGN: Snoop Dogg's Double G News Network,['self'],6.8/10,2011–,,TV Series,,['Talk-Show'],https://www.imdb.com/title/tt4096540/?ref_=nm_flmg_slf_112
2015 TV Land Awards,['self'],,2015,,TV Special,,[],https://www.imdb.com/title/tt4649530/?ref_=nm_flmg_slf_113
2015 MTV Movie Awards,['self'],4.3/10,2015,,TV Special,,['Comedy'],https://www.imdb.com/title/tt4577398/?ref_=nm_flmg_slf_114
The Colbert Report,['self'],8.4/10,2005–2014,30m,TV Series,TV-14,"['Comedy', 'News', 'Talk-Show']",https://www.imdb.com/title/tt0458254/?ref_=nm_flmg_slf_115
Naked and Afraid,['self'],6.6/10,2013–,43m,TV Series,TV-14,"['Adventure', 'Game-Show']",https://www.imdb.com/title/tt3007640/?ref_=nm_flmg_slf_116
Advice,['self'],3.2/10,2014–,,TV Series,,"['Short', 'Comedy']",https://www.imdb.com/title/tt4588734/?ref_=nm_flmg_slf_117
Late Show with David Letterman,['self'],6.9/10,1993–2015,1h,TV Series,TV-PG,"['Comedy', 'Music', 'Talk-Show']",https://www.imdb.com/title/tt0106053/?ref_=nm_flmg_slf_118
Real Time with Bill Maher,['self'],7.4/10,2003–,1h,TV Series,TV-MA,"['Comedy', 'News']",https://www.imdb.com/title/tt0350448/?ref_=nm_flmg_slf_119
The Eric Andre Show,['self'],8.6/10,2012–,11m,TV Series,TV-MA,"['Comedy', 'Talk-Show']",https://www.imdb.com/title/tt2244495/?ref_=nm_flmg_slf_120
Huffpost Live,['self'],5.8/10,2012–,,TV Series,,['News'],https://www.imdb.com/title/tt2570694/?ref_=nm_flmg_slf_121
Inside Edition,"['self', 'archive footage']",3.8/10,1988–,30m,TV Series,TV-PG,['Documentary'],https://www.imdb.com/title/tt0166442/?ref_=nm_flmg_slf_123
Loiter Squad,['self'],6.9/10,2012–2014,11m,TV Series,TV-14,[],https://www.imdb.com/title/tt2272367/?ref_=nm_flmg_slf_124
Sit Down with the Stars,['self'],3.2/10,2014–,,TV Series,,['News'],https://www.imdb.com/title/tt4369244/?ref_=nm_flmg_slf_125
Janela Indiscreta,['self'],6.4/10,2010–,30m,TV Series,,[],https://www.imdb.com/title/tt1612376/?ref_=nm_flmg_slf_126
CBS News Sunday Morning,['self'],7.7/10,1979–,1h 30m,TV Series,TV-PG,['News'],https://www.imdb.com/title/tt0165001/?ref_=nm_flmg_slf_127
American Comedy Awards,['self'],4.0/10,2014,2h,TV Special,,[],https://www.imdb.com/title/tt3899970/?ref_=nm_flmg_slf_128
IMDb: What to Watch,['self'],6.9/10,2013–2015,12m,TV Series,Not Rated,['Documentary'],https://www.imdb.com/title/tt3412000/?ref_=nm_flmg_slf_129
Circus Halligalli,['self'],6.6/10,2013–2017,45m,TV Series,,"['Comedy', 'Music']",https://www.imdb.com/title/tt2717740/?ref_=nm_flmg_slf_130
2014 MTV Movie Awards,['self'],5.5/10,2014,,TV Special,,"['Comedy', 'Music']",https://www.imdb.com/title/tt3578774/?ref_=nm_flmg_slf_131
MTV Movie Awards Takeover,['self'],4.6/10,2014,,TV Special,,['Comedy'],https://www.imdb.com/title/tt4380568/?ref_=nm_flmg_slf_132
Tosh.0,['self'],7.2/10,2009–2020,22m,TV Series,TV-14,[],https://www.imdb.com/title/tt1430587/?ref_=nm_flmg_slf_133
The ArScheerio Paul Show,['self'],6.1/10,2013–,4m,TV Series,TV-MA,"['Short', 'Comedy', 'Talk-Show']",https://www.imdb.com/title/tt2928440/?ref_=nm_flmg_slf_135
The Project,['self'],4.4/10,2009–,1h,TV Series,,"['Comedy', 'News']",https://www.imdb.com/title/tt1480165/?ref_=nm_flmg_slf_136
The Late Late Show with Craig Ferguson,['self'],8.4/10,2005–2015,40m,TV Series,TV-14,"['Comedy', 'Music', 'Talk-Show']",https://www.imdb.com/title/tt0437729/?ref_=nm_flmg_slf_137
Late Night with Jimmy Fallon,['self'],6.8/10,2009–2014,1h,TV Series,TV-14,"['Comedy', 'Music']",https://www.imdb.com/title/tt1231460/?ref_=nm_flmg_slf_138
Howard Stern on Demand,['self'],7.2/10,2005–2013,,TV Series,TV-MA,['Comedy'],https://www.imdb.com/title/tt0474499/?ref_=nm_flmg_slf_139
Sidewalks Entertainment,['self'],4.8/10,1994–,30m,TV Series,,[],https://www.imdb.com/title/tt0094547/?ref_=nm_flmg_slf_140
The Nerdist,['self'],7.1/10,2013–,,TV Series,,[],https://www.imdb.com/title/tt2813676/?ref_=nm_flmg_slf_141
The Big Live Comedy Show,['self'],,2013,2h,TV Special,,[],https://www.imdb.com/title/tt2953378/?ref_=nm_flmg_slf_142
2013 MTV Movie Awards,['self'],5.2/10,2013,2h 20m,TV Special,TV-14,[],https://www.imdb.com/title/tt2806252/?ref_=nm_flmg_slf_143
60 Minutes,['self'],7.5/10,1968–,1h,TV Series,TV-PG,"['Documentary', 'News']",https://www.imdb.com/title/tt0123338/?ref_=nm_flmg_slf_144
Night of Too Many Stars: America Comes Together for Autism Programs,['self'],6.1/10,2012,,TV Special,,[],https://www.imdb.com/title/tt2705582/?ref_=nm_flmg_slf_145
Stand Up to Cancer,"['self', 'self']",5.9/10,2012,,TV Special,,[],https://www.imdb.com/title/tt2385182/?ref_=nm_flmg_slf_146
Comedy Bang! Bang!,['self'],7.5/10,2012–2016,30m,TV Series,TV-14,"['Comedy', 'Talk-Show']",https://www.imdb.com/title/tt2176287/?ref_=nm_flmg_slf_147
BAFTA's Big Questions,['self'],,2012–,2m,TV Series,,['Biography'],https://www.imdb.com/title/tt11890704/?ref_=nm_flmg_slf_148
ES.TV HD,['self'],2.9/10,2009–,,TV Series,,[],https://www.imdb.com/title/tt1489335/?ref_=nm_flmg_slf_150
The 69th Annual Golden Globe Awards,['self'],7.1/10,2012,,TV Special,,[],https://www.imdb.com/title/tt2125640/?ref_=nm_flmg_slf_151
HBO First Look,['self'],6.2/10,1992–,13m,TV Series,,['Documentary'],https://www.imdb.com/title/tt0318220/?ref_=nm_flmg_slf_152
Sesame Street,['self'],8.1/10,1969–,55m,TV Series,TV-Y,"['Animation', 'Adventure', 'Comedy']",https://www.imdb.com/title/tt0063951/?ref_=nm_flmg_slf_153
The Jonathan Ross Show,['self'],6.1/10,2011–,,TV Series,,[],https://www.imdb.com/title/tt2049323/?ref_=nm_flmg_slf_154
55th BFI London Film Festival,['self'],6.7/10,2011,,TV Special,,[],https://www.imdb.com/title/tt2106293/?ref_=nm_flmg_slf_155
ThinkTalk,['self'],,2007–2011,,TV Mini Series,,['Talk-Show'],https://www.imdb.com/title/tt10607060/?ref_=nm_flmg_slf_156
Anderson Live,['self'],5.5/10,2011–2013,1h,TV Series,,[],https://www.imdb.com/title/tt1796776/?ref_=nm_flmg_slf_157
The Hour,['self'],6.4/10,2004–2014,1h,TV Series,,"['Comedy', 'Music']",https://www.imdb.com/title/tt0456031/?ref_=nm_flmg_slf_158
Comic-Con Episode IV: A Fan's Hope,['self'],7.0/10,2011,1h 28m,Movie,PG-13,[],https://www.imdb.com/title/tt1605782/?ref_=nm_flmg_slf_159
2011 MTV Video Music Awards,['self'],5.4/10,2011,,TV Special,,[],https://www.imdb.com/title/tt2027157/?ref_=nm_flmg_slf_160
MTV Video Music Awards 2011 Pre-Show,['self'],5.0/10,2011,,TV Special,,[],https://www.imdb.com/title/tt1997439/?ref_=nm_flmg_slf_161
Between the Lightning Strikes: The Making of 'Paul',['self'],5.3/10,2011,40m,Video,,['Documentary'],https://www.imdb.com/title/tt2177495/?ref_=nm_flmg_slf_162
Troldspejlet,['self'],8.8/10,1989–,25m,TV Series,,['News'],https://www.imdb.com/title/tt0318251/?ref_=nm_flmg_slf_163
The 53rd Annual Grammy Awards,['self'],6.4/10,2011,,TV Special,,['Music'],https://www.imdb.com/title/tt1837669/?ref_=nm_flmg_slf_164
Entertainers with Byron Allen,['self'],2.6/10,2000–,,TV Series,,[],https://www.imdb.com/title/tt0428108/?ref_=nm_flmg_slf_165
Attack of the Show!,"['self', 'archive footage']",7.8/10,2005–2022,1h,TV Series,TV-14,"['News', 'Talk-Show']",https://www.imdb.com/title/tt0498878/?ref_=nm_flmg_slf_166
Días de cine,['self'],6.8/10,1991–,1h,TV Series,,[],https://www.imdb.com/title/tt0390699/?ref_=nm_flmg_slf_167
Jump Start Live,['self'],6.8/10,2011–,1h,TV Series,,[],https://www.imdb.com/title/tt1799915/?ref_=nm_flmg_slf_168
The Early Show,['self'],4.8/10,1999–2012,2h,TV Series,,['News'],https://www.imdb.com/title/tt0220225/?ref_=nm_flmg_slf_169
The Tonight Show with Jay Leno,['self'],5.3/10,1992–2014,1h 2m,TV Series,TV-14,"['Comedy', 'Music', 'Talk-Show']",https://www.imdb.com/title/tt0103569/?ref_=nm_flmg_slf_170
Take Two with Phineas and Ferb,['self'],6.2/10,2010–2011,2m,TV Series,TV-G,"['Animation', 'Comedy', 'Family']",https://www.imdb.com/title/tt1887491/?ref_=nm_flmg_slf_171
The Gadget Show: Web TV,['self'],8.1/10,2008–2011,,TV Series,,"['Documentary', 'Short']",https://www.imdb.com/title/tt1658389/?ref_=nm_flmg_slf_172
The Big Fat Quiz of the Year,['self'],7.8/10,2011,1h 37m,TV Special,,"['Comedy', 'Game-Show']",https://www.imdb.com/title/tt1807027/?ref_=nm_flmg_slf_173
MythBusters,['self'],8.3/10,2003–2018,44m,TV Series,TV-PG,"['Documentary', 'Mystery']",https://www.imdb.com/title/tt0383126/?ref_=nm_flmg_slf_174
Le grand journal de Canal+,['self'],5.9/10,2004–,1h,TV Series,,"['Documentary', 'Comedy']",https://www.imdb.com/title/tt0426701/?ref_=nm_flmg_slf_175
"Wetten, dass..?",['self'],6.0/10,1981–,2h 45m,TV Series,,"['Comedy', 'Game-Show']",https://www.imdb.com/title/tt0081961/?ref_=nm_flmg_slf_176
With Great Power: The Stan Lee Story,['self'],7.1/10,2010,1h 20m,Movie,Not Rated,['Documentary'],https://www.imdb.com/title/tt1091863/?ref_=nm_flmg_slf_178
Project: Comic-Con,['self'],7.5/10,2010,,TV Series,,[],https://www.imdb.com/title/tt1728870/?ref_=nm_flmg_slf_179
MTV Movie Night,['self'],,2010–2013,,TV Series,,['Talk-Show'],https://www.imdb.com/title/tt4459282/?ref_=nm_flmg_slf_180
The 10th Annual Canadian Comedy Awards,['self'],4.8/10,2009,1h 30m,TV Special,,['Comedy'],https://www.imdb.com/title/tt1531696/?ref_=nm_flmg_slf_181
The Jay Leno Show,['self'],3.6/10,2009–2010,1h,TV Series,TV-14,['Comedy'],https://www.imdb.com/title/tt1381004/?ref_=nm_flmg_slf_182
Teen Spirit: Teenagers and Hollywood,['self'],6.7/10,2009,52m,TV Movie,,['Documentary'],https://www.imdb.com/title/tt1532408/?ref_=nm_flmg_slf_183
Modern Monster Movie-making: The Making of 'Monsters vs Aliens',['self'],4.8/10,2009,15m,Video,,"['Documentary', 'Short']",https://www.imdb.com/title/tt1668204/?ref_=nm_flmg_slf_184
The Movie Loft,['self'],6.7/10,2001–,,TV Series,,"['Comedy', 'News', 'Talk-Show']",https://www.imdb.com/title/tt1297644/?ref_=nm_flmg_slf_185
Deep Inside,['self'],3.2/10,2007–,,TV Series,,[],https://www.imdb.com/title/tt3252890/?ref_=nm_flmg_slf_186
Up Close with Carrie Keagan,['self'],4.0/10,2007–,,TV Series,,['Talk-Show'],https://www.imdb.com/title/tt1434322/?ref_=nm_flmg_slf_187
The Tonight Show with Conan O'Brien,['self'],8.0/10,2009–2010,1h 2m,TV Series,TV-14,"['Comedy', 'Music', 'Talk-Show']",https://www.imdb.com/title/tt0899126/?ref_=nm_flmg_slf_188
Reel Comedy,['self'],4.6/10,2002–2010,,TV Series,,[],https://www.imdb.com/title/tt1628029/?ref_=nm_flmg_slf_189
Chris Moyles Quiz Night,['self'],4.8/10,2009–2012,,TV Series,,[],https://www.imdb.com/title/tt1403965/?ref_=nm_flmg_slf_190
ABC News Nightline,['self'],5.7/10,1980–,30m,TV Series,,['News'],https://www.imdb.com/title/tt0154053/?ref_=nm_flmg_slf_191
CMT Hot 20 Countdown,['self'],7.7/10,2001–,,TV Series,,['Music'],https://www.imdb.com/title/tt0413550/?ref_=nm_flmg_slf_192
Sunrise,['self'],2.9/10,2000–,3h,TV Series,,['News'],https://www.imdb.com/title/tt0428169/?ref_=nm_flmg_slf_193
The 81st Annual Academy Awards,['self'],7.8/10,2009,3h 30m,TV Special,TV-14,['News'],https://www.imdb.com/title/tt1219288/?ref_=nm_flmg_slf_194
Money Shots,['self'],6.3/10,2009,,Video,,['Comedy'],https://www.imdb.com/title/tt1348315/?ref_=nm_flmg_slf_195
Popcorn Porn: Watching 'Zack and Miri Make a Porno',['self'],6.9/10,2009,1h 14m,Video,,['Documentary'],https://www.imdb.com/title/tt1258985/?ref_=nm_flmg_slf_196
Paper Heart,['self'],6.0/10,2009,1h 28m,Movie,PG-13,"['Comedy', 'Drama']",https://www.imdb.com/title/tt1331064/?ref_=nm_flmg_slf_197
Golden Globe Awards,['self'],7.1/10,2009,,TV Special,,[],https://www.imdb.com/title/tt1222814/?ref_=nm_flmg_slf_198
Artist on Artist,['self'],,2008–2011,,TV Series,,[],https://www.imdb.com/title/tt5637464/?ref_=nm_flmg_slf_199
The 9th Annual Canadian Comedy Awards,['self'],4.9/10,2008,1h,TV Special,,['Comedy'],https://www.imdb.com/title/tt1361807/?ref_=nm_flmg_slf_200
Scream Awards 2008,['self'],7.5/10,2008,2h,TV Special,,[],https://www.imdb.com/title/tt1302199/?ref_=nm_flmg_slf_201
Xposé,['self'],2.8/10,2007–2019,30m,TV Series,,"['Music', 'News', 'Talk-Show']",https://www.imdb.com/title/tt1016283/?ref_=nm_flmg_slf_202
Late Night with Conan O'Brien,['self'],8.2/10,1993–2009,1h,TV Series,TV-14,"['Comedy', 'Music', 'Talk-Show']",https://www.imdb.com/title/tt0106052/?ref_=nm_flmg_slf_203
Charlie Rose,['self'],7.5/10,1991–2017,1h,TV Series,,['News'],https://www.imdb.com/title/tt0270116/?ref_=nm_flmg_slf_204
Shootout,['self'],6.5/10,2003–2008,30m,TV Series,Not Rated,['Talk-Show'],https://www.imdb.com/title/tt0390776/?ref_=nm_flmg_slf_205
Comic-Con '08 Live,['self'],3.0/10,2008,3h,TV Special,,[],https://www.imdb.com/title/tt1315580/?ref_=nm_flmg_slf_206
2008 MTV Movie Awards,['self'],5.9/10,2008,,TV Special,,[],https://www.imdb.com/title/tt1230105/?ref_=nm_flmg_slf_207
Balls of Steel,['self'],7.2/10,2005–2008,38m,TV Series,,[],https://www.imdb.com/title/tt0477141/?ref_=nm_flmg_slf_208
E! Live from the Red Carpet,['self'],3.7/10,1995–,4h,TV Series,Unrated,['News'],https://www.imdb.com/title/tt4346344/?ref_=nm_flmg_slf_209
The 80th Annual Academy Awards,['self'],6.8/10,2008,3h 17m,TV Special,TV-14,['Comedy'],https://www.imdb.com/title/tt1103965/?ref_=nm_flmg_slf_210
2007 MTV Video Music Awards,['self'],3.4/10,2007,1h 27m,TV Special,,[],https://www.imdb.com/title/tt1024757/?ref_=nm_flmg_slf_211
Soccer AM,['self'],6.5/10,1992–,3h,TV Series,,"['Comedy', 'Sport']",https://www.imdb.com/title/tt0270804/?ref_=nm_flmg_slf_212
Comic-Con 2007 Live,['self'],,2007,,TV Special,,[],https://www.imdb.com/title/tt1118663/?ref_=nm_flmg_slf_213
Assume the Position 201 with Mr. Wuhl,['self'],8.2/10,2007,28m,TV Movie,,['Comedy'],https://www.imdb.com/title/tt0963158/?ref_=nm_flmg_slf_214
Get This,['self'],,2006–2007,,Podcast Series,,[],https://www.imdb.com/title/tt18560980/?ref_=nm_flmg_slf_215
Getaway,['self'],5.8/10,1992–2010,1h,TV Series,,[],https://www.imdb.com/title/tt0207934/?ref_=nm_flmg_slf_216
Rove Live,['self'],6.3/10,2000–2009,1h 15m,TV Series,,"['Comedy', 'Talk-Show']",https://www.imdb.com/title/tt0261489/?ref_=nm_flmg_slf_217
2007 MTV Movie Awards,['self'],5.3/10,2007,,TV Special,,[],https://www.imdb.com/title/tt0972757/?ref_=nm_flmg_slf_218
Movie Rush,['self'],5.1/10,2006–,10m,TV Series,,['Documentary'],https://www.imdb.com/title/tt1232381/?ref_=nm_flmg_slf_219
'Donnie Darko': Production Diary,['self'],7.0/10,2004,53m,Video,,['Documentary'],https://www.imdb.com/title/tt0437161/?ref_=nm_flmg_slf_221
The Late Late Show with Craig Kilborn,['self'],5.3/10,1999–2004,1h,TV Series,,"['Comedy', 'Talk-Show']",https://www.imdb.com/title/tt0192906/?ref_=nm_flmg_slf_222
The Beat with Ari Melber,['archive footage'],7.1/10,2017–,1h,TV Series,TV-G,"['News', 'Talk-Show']",https://www.imdb.com/title/tt7174218/?ref_=nm_flmg_arf_1
The Critical Drinker,['archive footage'],7.6/10,2012–,,TV Series,,['Comedy'],https://www.imdb.com/title/tt11554102/?ref_=nm_flmg_arf_3
The Comments Section with Brett Cooper,['archive footage'],7.8/10,2022–,,TV Series,,"['Comedy', 'News']",https://www.imdb.com/title/tt18412104/?ref_=nm_flmg_arf_4
TheQuartering,['archive footage'],4.2/10,2017–,,TV Series,TV-14,"['Comedy', 'News']",https://www.imdb.com/title/tt11827352/?ref_=nm_flmg_arf_5
Nerdrotic,['archive footage'],6.8/10,2016–,,TV Series,,[],https://www.imdb.com/title/tt11101140/?ref_=nm_flmg_arf_6
Geeks + Gamers,['archive footage'],5.3/10,2016–,13m,TV Series,TV-14,"['Comedy', 'News']",https://www.imdb.com/title/tt10804950/?ref_=nm_flmg_arf_7
RK Outpost,['archive footage'],5.8/10,2019–,,TV Series,TV-14,[],https://www.imdb.com/title/tt11465274/?ref_=nm_flmg_arf_8
Salty Cracker,['archive footage'],8.1/10,2015–,,TV Series,TV-14,"['News', 'Talk-Show']",https://www.imdb.com/title/tt11990744/?ref_=nm_flmg_arf_9
ABL,['archive footage'],6.7/10,2015–,,TV Series,,"['News', 'Talk-Show']",https://www.imdb.com/title/tt13080006/?ref_=nm_flmg_arf_11
History of the Sitcom,['archive footage'],7.0/10,2021,45m,TV Series,TV-14,"['Documentary', 'History']",https://www.imdb.com/title/tt14821384/?ref_=nm_flmg_arf_12
Louder with Crowder,['archive footage'],6.1/10,2015–,,Podcast Series,,['Comedy'],https://www.imdb.com/title/tt7503590/?ref_=nm_flmg_arf_14
Cyberwar,['archive footage'],7.7/10,2016–2017,24m,TV Series,TV-14,[],https://www.imdb.com/title/tt5971920/?ref_=nm_flmg_arf_17
Canada A.M.,['archive footage'],6.0/10,1972–2016,2h 30m,TV Series,,[],https://www.imdb.com/title/tt0341708/?ref_=nm_flmg_arf_19
The Drunken Peasants,['archive footage'],5.9/10,2014–,3h,TV Series,,"['Comedy', 'Game-Show']",https://www.imdb.com/title/tt4823212/?ref_=nm_flmg_arf_21
Chelsea Lately,['archive footage'],5.9/10,2007–2014,22m,TV Series,TV-14,"['Comedy', 'Talk-Show']",https://www.imdb.com/title/tt1002838/?ref_=nm_flmg_arf_22
Good Mythical Morning,['archive footage'],8.8/10,2012–,12m,TV Series,TV-G,"['Comedy', 'Family', 'Talk-Show']",https://www.imdb.com/title/tt4087032/?ref_=nm_flmg_arf_23
Jake Gyllenhaal Challenges the Winner of the Nobel Peace Prize,['archive footage'],6.2/10,2010,7m,Movie,,[],https://www.imdb.com/title/tt1615850/?ref_=nm_flmg_arf_25
Funny People: HBO Behind the Comedy,['archive footage'],6.0/10,2009,24m,TV Movie,,['Comedy'],https://www.imdb.com/title/tt1512312/?ref_=nm_flmg_arf_26
TMZ on TV,['archive footage'],3.2/10,2007–,30m,TV Series,TV-PG,"['Comedy', 'News']",https://www.imdb.com/title/tt1095213/?ref_=nm_flmg_arf_27
Brilliant But Cancelled,['archive footage'],8.0/10,2002,1h 19m,TV Movie,,['Documentary'],https://www.imdb.com/title/tt0357513/?ref_=nm_flmg_arf_28
